{"cameraMode":{"drawMode":0,"name":"Shaded","section":"Shading Mode"},"sceneLighting":true,"audioPlay":false,"sceneViewState":{"showFog":true,"showMaterialUpdate":false,"showSkybox":true,"showFlares":true,"showImageEffects":true,"showParticleSystems":true},"in2DMode":false,"pivot":{"x":-0.694304347038269,"y":37.121578216552737,"z":-9.255756378173829},"rotation":{"x":-0.493314653635025,"y":0.19663062691688538,"z":-0.11555676907300949,"w":-0.8394186496734619},"size":4.0828166007995609,"orthographic":false}