{"cameraMode":{"drawMode":0,"name":"Shaded","section":"Shading Mode"},"sceneLighting":true,"audioPlay":false,"sceneViewState":{"showFog":true,"showMaterialUpdate":false,"showSkybox":true,"showFlares":true,"showImageEffects":true,"showParticleSystems":true},"in2DMode":false,"pivot":{"x":-2.022693157196045,"y":-5.365604400634766,"z":1.574683427810669},"rotation":{"x":-0.44157782196998598,"y":0.54368656873703,"z":-0.41186532378196719,"w":-0.5829086303710938},"size":24.860288619995118,"orthographic":false}