{"cameraMode":{"drawMode":0,"name":"Shaded","section":"Shading Mode"},"sceneLighting":true,"audioPlay":false,"sceneViewState":{"showFog":true,"showMaterialUpdate":false,"showSkybox":true,"showFlares":true,"showImageEffects":true,"showParticleSystems":true},"in2DMode":false,"pivot":{"x":-2.022693157196045,"y":-5.365604400634766,"z":1.574683427810669},"rotation":{"x":-0.3214491605758667,"y":0.6669643521308899,"z":-0.3933076858520508,"w":-0.5451074838638306},"size":24.860288619995118,"orthographic":false}